{
  "fmlloader-1.20.1-47.4.0.jar (modloader)": {
    "jarName": "fmlloader-1.20.1-47.4.0.jar (modloader)",
    "modId": "forge",
    "version": "fmlloader-1.20.1-47.4.0.jar"
  },
  "appleskin-forge-mc1.20.1-2.5.1.jar": {
    "jarName": "appleskin-forge-mc1.20.1-2.5.1.jar",
    "modId": "appleskin",
    "version": "2.5.1+mc1.20.1"
  },
  "architectury-9.2.14-forge.jar": {
    "jarName": "architectury-9.2.14-forge.jar",
    "modId": "architectury",
    "version": "9.2.14"
  },
  "cfm_circuit_breaker-1.0.2.jar": {
    "jarName": "cfm_circuit_breaker-1.0.2.jar",
    "modId": "cfm_circuit_breaker",
    "version": "1.0.0"
  },
  "CrashAssistant-forge-1.19-1.20.1-1.9.15.jar": {
    "jarName": "CrashAssistant-forge-1.19-1.20.1-1.9.15.jar",
    "modId": "crash_assistant",
    "version": "1.9.15"
  },
  "create-1.20.1-6.0.6.jar": {
    "jarName": "create-1.20.1-6.0.6.jar",
    "modId": "create",
    "version": "6.0.6"
  },
  "create_central_kitchen-1.20.1-for-create-6.0.4-1.4.1.jar": {
    "jarName": "create_central_kitchen-1.20.1-for-create-6.0.4-1.4.1.jar",
    "modId": "create_central_kitchen",
    "version": "1.4.1"
  },
  "create_enchantment_industry-1.3.3-for-create-6.0.6.jar": {
    "jarName": "create_enchantment_industry-1.3.3-for-create-6.0.6.jar",
    "modId": "create_enchantment_industry",
    "version": "1.3.3-for-create-6.0.6"
  },
  "createaddition-1.20.1-1.3.2.jar": {
    "jarName": "createaddition-1.20.1-1.3.2.jar",
    "modId": "createaddition",
    "version": "1.20.1-1.3.2"
  },
  "Cuffed-1.20.1-1.3.9.jar": {
    "jarName": "Cuffed-1.20.1-1.3.9.jar",
    "modId": "cuffed",
    "version": "1.3.9"
  },
  "CustomPlayerModels-1.20-0.6.24a.jar": {
    "jarName": "CustomPlayerModels-1.20-0.6.24a.jar",
    "modId": "cpm",
    "version": "0.6.24a"
  },
  "ears-forge-1.19.4-1.4.7.jar": {
    "jarName": "ears-forge-1.19.4-1.4.7.jar",
    "modId": "ears",
    "version": "1.4.7"
  },
  "Essential_1-3-9_forge_1-20-1.jar": {
    "jarName": "Essential_1-3-9_forge_1-20-1.jar",
    "modId": "essential-container"
  },
  "fancymenu_forge_3.7.0_MC_1.20.1.jar": {
    "jarName": "fancymenu_forge_3.7.0_MC_1.20.1.jar",
    "modId": "fancymenu",
    "version": "3.7.0"
  },
  "FarmersDelight-1.20.1-1.2.9.jar": {
    "jarName": "FarmersDelight-1.20.1-1.2.9.jar",
    "modId": "farmersdelight",
    "version": "1.20.1-1.2.9"
  },
  "ferdinandsFlowers1.20.1-3.0-forge.jar": {
    "jarName": "ferdinandsFlowers1.20.1-3.0-forge.jar",
    "modId": "ferdinandsflowers",
    "version": "3.0"
  },
  "framework-forge-1.20.1-0.7.15.jar": {
    "jarName": "framework-forge-1.20.1-0.7.15.jar",
    "modId": "framework",
    "version": "0.7.15"
  },
  "immersive_paintings-0.6.8+1.20.1-forge.jar": {
    "jarName": "immersive_paintings-0.6.8+1.20.1-forge.jar",
    "modId": "immersive_paintings",
    "version": "0.6.8+1.20.1"
  },
  "Jade-1.20.1-Forge-11.13.2.jar": {
    "jarName": "Jade-1.20.1-Forge-11.13.2.jar",
    "modId": "jade",
    "version": "11.13.2+forge"
  },
  "jei-1.20.1-forge-15.20.0.112.jar": {
    "jarName": "jei-1.20.1-forge-15.20.0.112.jar",
    "modId": "jei",
    "version": "15.20.0.112"
  },
  "konkrete_forge_1.8.0_MC_1.20-1.20.1.jar": {
    "jarName": "konkrete_forge_1.8.0_MC_1.20-1.20.1.jar",
    "modId": "konkrete",
    "version": "1.8.0"
  },
  "Lazr\u0027s Lib-1.20-1.1.1.jar": {
    "jarName": "Lazr\u0027s Lib-1.20-1.1.1.jar",
    "modId": "lazrslib",
    "version": "1.1.1"
  },
  "letsdo-API-forge-1.2.15-forge.jar": {
    "jarName": "letsdo-API-forge-1.2.15-forge.jar",
    "modId": "doapi",
    "version": "1.2.15"
  },
  "letsdo-brewery-forge-2.0.6.jar": {
    "jarName": "letsdo-brewery-forge-2.0.6.jar",
    "modId": "brewery",
    "version": "2.0.6"
  },
  "letsdo-farm_and_charm-forge-1.0.12.jar": {
    "jarName": "letsdo-farm_and_charm-forge-1.0.12.jar",
    "modId": "farm_and_charm",
    "version": "1.0.12"
  },
  "letsdo-vinery-forge-1.4.40.jar": {
    "jarName": "letsdo-vinery-forge-1.4.40.jar",
    "modId": "vinery",
    "version": "1.4.40"
  },
  "mcw-furniture-3.3.0-mc1.20.1forge.jar": {
    "jarName": "mcw-furniture-3.3.0-mc1.20.1forge.jar",
    "modId": "mcwfurnitures",
    "version": "3.3.0"
  },
  "melody_forge_1.0.3_MC_1.20.1-1.20.4.jar": {
    "jarName": "melody_forge_1.0.3_MC_1.20.1-1.20.4.jar",
    "modId": "melody",
    "version": "1.0.2"
  },
  "miners_delight-1.20.1-1.2.3.jar": {
    "jarName": "miners_delight-1.20.1-1.2.3.jar",
    "modId": "miners_delight",
    "version": "1.20.1-1.2.3"
  },
  "NoChatReports-FORGE-1.20.1-v2.2.2.jar": {
    "jarName": "NoChatReports-FORGE-1.20.1-v2.2.2.jar",
    "modId": "nochatreports",
    "version": "1.20.1-v2.2.2"
  },
  "Not Enough Recipe Book-FORGE-0.4.1+1.20.1.jar": {
    "jarName": "Not Enough Recipe Book-FORGE-0.4.1+1.20.1.jar",
    "modId": "nerb",
    "version": "0.4.1"
  },
  "OctoLib-FORGE-0.5.0.1+1.20.1.jar": {
    "jarName": "OctoLib-FORGE-0.5.0.1+1.20.1.jar",
    "modId": "octolib",
    "version": "0.5.0.1"
  },
  "oculus-mc1.20.1-1.8.0.jar": {
    "jarName": "oculus-mc1.20.1-1.8.0.jar",
    "modId": "oculus",
    "version": "1.8.0"
  },
  "reforgedplaymod-1.20.1-0.3.1.jar": {
    "jarName": "reforgedplaymod-1.20.1-0.3.1.jar",
    "modId": "reforgedplaymod",
    "version": "0.3.1"
  },
  "refurbished_furniture-forge-1.20.1-1.0.14.jar": {
    "jarName": "refurbished_furniture-forge-1.20.1-1.0.14.jar",
    "modId": "refurbished_furniture",
    "version": "1.0.14"
  },
  "sootsandwichcraft1.2.3[1.20.1].jar": {
    "jarName": "sootsandwichcraft1.2.3[1.20.1].jar",
    "modId": "breadcraft",
    "version": "1.2.3"
  },
  "XaerosWorldMap_1.39.12_Forge_1.20.jar": {
    "jarName": "XaerosWorldMap_1.39.12_Forge_1.20.jar",
    "modId": "xaeroworldmap",
    "version": "1.39.12"
  },
  "xenon-0.3.31+mc1.20.1.jar": {
    "jarName": "xenon-0.3.31+mc1.20.1.jar",
    "modId": "xenon",
    "version": "0.3.31"
  },
  "xercapaint-1.20.1-1.0.1.jar": {
    "jarName": "xercapaint-1.20.1-1.0.1.jar",
    "modId": "xercapaint",
    "version": "1.20.1-1.0.1"
  }
}